Method,Job,AnalyzeLaunchVariance,EvaluateOverhead,MaxAbsoluteError,MaxRelativeError,MinInvokeCount,MinIterationTime,OutlierMode,Affinity,EnvironmentVariables,Jit,LargeAddressAware,Platform,PowerPlanMode,Runtime,AllowVeryLargeObjects,Concurrent,CpuGroups,Force,HeapAffinitizeMask,HeapCount,NoAffinitize,RetainVm,Server,Arguments,BuildConfiguration,Clock,EngineFactory,NuGetReferences,Toolchain,IsMutator,InvocationCount,IterationCount,IterationTime,LaunchCount,MaxIterationCount,MaxWarmupIterationCount,MemoryRandomization,MinIterationCount,MinWarmupIterationCount,RunStrategy,UnrollFactor,WarmupCount,nodeId,parentId,Mean,Error,StdDev,Median,Gen0,Allocated
HasAccess,DefaultJob,False,Default,Default,Default,Default,Default,Default,00000000,Empty,RyuJit,Default,Arm64,8c5e7fda-e8bf-4a96-9a85-a6e23a8c635c,.NET 8.0,False,True,False,True,Default,Default,False,False,False,Default,Default,Default,Default,Default,Default,Default,Default,Default,Default,Default,Default,Default,Default,Default,Default,Default,16,Default,2,1,707.2 μs,17.05 μs,47.82 μs,695.7 μs,1.9531,13.32 KB
HasAccessOnlySQL,DefaultJob,False,Default,Default,Default,Default,Default,Default,00000000,Empty,RyuJit,Default,Arm64,8c5e7fda-e8bf-4a96-9a85-a6e23a8c635c,.NET 8.0,False,True,False,True,Default,Default,False,False,False,Default,Default,Default,Default,Default,Default,Default,Default,Default,Default,Default,Default,Default,Default,Default,Default,Default,16,Default,2,1,740.6 μs,16.07 μs,46.10 μs,733.3 μs,1.9531,13.82 KB
HasAccess,DefaultJob,False,Default,Default,Default,Default,Default,Default,00000000,Empty,RyuJit,Default,Arm64,8c5e7fda-e8bf-4a96-9a85-a6e23a8c635c,.NET 8.0,False,True,False,True,Default,Default,False,False,False,Default,Default,Default,Default,Default,Default,Default,Default,Default,Default,Default,Default,Default,Default,Default,Default,Default,16,Default,50,51,776.6 μs,14.65 μs,38.84 μs,769.5 μs,1.9531,13.38 KB
HasAccessOnlySQL,DefaultJob,False,Default,Default,Default,Default,Default,Default,00000000,Empty,RyuJit,Default,Arm64,8c5e7fda-e8bf-4a96-9a85-a6e23a8c635c,.NET 8.0,False,True,False,True,Default,Default,False,False,False,Default,Default,Default,Default,Default,Default,Default,Default,Default,Default,Default,Default,Default,Default,Default,Default,Default,16,Default,50,51,761.8 μs,20.04 μs,56.20 μs,748.7 μs,1.9531,14.26 KB
HasAccess,DefaultJob,False,Default,Default,Default,Default,Default,Default,00000000,Empty,RyuJit,Default,Arm64,8c5e7fda-e8bf-4a96-9a85-a6e23a8c635c,.NET 8.0,False,True,False,True,Default,Default,False,False,False,Default,Default,Default,Default,Default,Default,Default,Default,Default,Default,Default,Default,Default,Default,Default,Default,Default,16,Default,100,1,835.1 μs,25.95 μs,75.30 μs,812.4 μs,1.9531,13.62 KB
HasAccessOnlySQL,DefaultJob,False,Default,Default,Default,Default,Default,Default,00000000,Empty,RyuJit,Default,Arm64,8c5e7fda-e8bf-4a96-9a85-a6e23a8c635c,.NET 8.0,False,True,False,True,Default,Default,False,False,False,Default,Default,Default,Default,Default,Default,Default,Default,Default,Default,Default,Default,Default,Default,Default,Default,Default,16,Default,100,1,762.7 μs,15.95 μs,44.47 μs,762.3 μs,1.9531,14.45 KB
HasAccess,DefaultJob,False,Default,Default,Default,Default,Default,Default,00000000,Empty,RyuJit,Default,Arm64,8c5e7fda-e8bf-4a96-9a85-a6e23a8c635c,.NET 8.0,False,True,False,True,Default,Default,False,False,False,Default,Default,Default,Default,Default,Default,Default,Default,Default,Default,Default,Default,Default,Default,Default,Default,Default,16,Default,100,50,775.7 μs,18.21 μs,51.37 μs,765.5 μs,1.9531,13.79 KB
HasAccessOnlySQL,DefaultJob,False,Default,Default,Default,Default,Default,Default,00000000,Empty,RyuJit,Default,Arm64,8c5e7fda-e8bf-4a96-9a85-a6e23a8c635c,.NET 8.0,False,True,False,True,Default,Default,False,False,False,Default,Default,Default,Default,Default,Default,Default,Default,Default,Default,Default,Default,Default,Default,Default,Default,Default,16,Default,100,50,764.7 μs,15.26 μs,32.19 μs,762.2 μs,1.9531,14.53 KB
HasAccess,DefaultJob,False,Default,Default,Default,Default,Default,Default,00000000,Empty,RyuJit,Default,Arm64,8c5e7fda-e8bf-4a96-9a85-a6e23a8c635c,.NET 8.0,False,True,False,True,Default,Default,False,False,False,Default,Default,Default,Default,Default,Default,Default,Default,Default,Default,Default,Default,Default,Default,Default,Default,Default,16,Default,100,99,774.1 μs,18.25 μs,52.66 μs,763.2 μs,1.9531,13.95 KB
HasAccessOnlySQL,DefaultJob,False,Default,Default,Default,Default,Default,Default,00000000,Empty,RyuJit,Default,Arm64,8c5e7fda-e8bf-4a96-9a85-a6e23a8c635c,.NET 8.0,False,True,False,True,Default,Default,False,False,False,Default,Default,Default,Default,Default,Default,Default,Default,Default,Default,Default,Default,Default,Default,Default,Default,Default,16,Default,100,99,810.8 μs,23.72 μs,67.28 μs,799.9 μs,1.9531,14.58 KB
